,size,time,type,value,sid
0,0,2018-04-24 00:01:08,BID,8959.1,XBTUSD KRKN Curncy
1,0,2018-04-24 00:01:08,ASK,8966.8,XBTUSD KRKN Curncy
2,0,2018-04-24 00:01:08,TRADE,8966.8,XBTUSD KRKN Curncy
3,0,2018-04-24 00:06:22,BID,8947.3,XBTUSD KRKN Curncy
4,0,2018-04-24 00:06:22,ASK,8952.5,XBTUSD KRKN Curncy
5,0,2018-04-24 00:06:22,TRADE,8951.8,XBTUSD KRKN Curncy
6,0,2018-04-24 00:11:07,BID,8951.7,XBTUSD KRKN Curncy
7,0,2018-04-24 00:11:07,ASK,8951.9,XBTUSD KRKN Curncy
8,0,2018-04-24 00:11:07,TRADE,8951.7,XBTUSD KRKN Curncy
9,0,2018-04-24 00:16:24,BID,8961.9,XBTUSD KRKN Curncy
10,0,2018-04-24 00:16:24,ASK,8964.1,XBTUSD KRKN Curncy
11,0,2018-04-24 00:16:24,TRADE,8968.9,XBTUSD KRKN Curncy
12,0,2018-04-24 00:21:36,BID,8972.1,XBTUSD KRKN Curncy
13,0,2018-04-24 00:21:36,ASK,8972.2,XBTUSD KRKN Curncy
14,0,2018-04-24 00:21:36,TRADE,8972.2,XBTUSD KRKN Curncy
15,0,2018-04-24 00:26:49,BID,8973.0,XBTUSD KRKN Curncy
16,0,2018-04-24 00:26:49,ASK,8978.1,XBTUSD KRKN Curncy
17,0,2018-04-24 00:26:49,TRADE,8974.1,XBTUSD KRKN Curncy
18,0,2018-04-24 00:31:33,BID,9005.2,XBTUSD KRKN Curncy
19,0,2018-04-24 00:31:33,ASK,9009.6,XBTUSD KRKN Curncy
20,0,2018-04-24 00:31:33,TRADE,9022.2,XBTUSD KRKN Curncy
21,0,2018-04-24 00:36:45,BID,9195.4,XBTUSD KRKN Curncy
22,0,2018-04-24 00:36:45,ASK,9195.5,XBTUSD KRKN Curncy
23,0,2018-04-24 00:36:45,TRADE,9192.2,XBTUSD KRKN Curncy
24,0,2018-04-24 00:41:56,BID,9175.0,XBTUSD KRKN Curncy
25,0,2018-04-24 00:41:56,ASK,9177.5,XBTUSD KRKN Curncy
26,0,2018-04-24 00:41:56,TRADE,9168.9,XBTUSD KRKN Curncy
27,0,2018-04-24 00:46:39,BID,9206.0,XBTUSD KRKN Curncy
28,0,2018-04-24 00:46:39,ASK,9215.0,XBTUSD KRKN Curncy
29,0,2018-04-24 00:46:39,TRADE,9205.7,XBTUSD KRKN Curncy
30,0,2018-04-24 00:51:29,BID,9199.0,XBTUSD KRKN Curncy
31,0,2018-04-24 00:51:29,ASK,9199.1,XBTUSD KRKN Curncy
32,0,2018-04-24 00:51:29,TRADE,9199.0,XBTUSD KRKN Curncy
33,0,2018-04-24 00:56:27,BID,9197.0,XBTUSD KRKN Curncy
34,0,2018-04-24 00:56:27,ASK,9197.1,XBTUSD KRKN Curncy
35,0,2018-04-24 00:56:27,TRADE,9197.1,XBTUSD KRKN Curncy
36,0,2018-04-24 01:01:29,BID,9173.1,XBTUSD KRKN Curncy
37,0,2018-04-24 01:01:29,ASK,9177.0,XBTUSD KRKN Curncy
38,0,2018-04-24 01:01:29,TRADE,9177.0,XBTUSD KRKN Curncy
39,0,2018-04-24 01:06:33,BID,9173.1,XBTUSD KRKN Curncy
40,0,2018-04-24 01:06:33,ASK,9177.0,XBTUSD KRKN Curncy
41,0,2018-04-24 01:06:33,TRADE,9177.0,XBTUSD KRKN Curncy
42,0,2018-04-24 01:11:21,BID,9156.0,XBTUSD KRKN Curncy
43,0,2018-04-24 01:11:21,ASK,9156.1,XBTUSD KRKN Curncy
44,0,2018-04-24 01:11:21,TRADE,9161.4,XBTUSD KRKN Curncy
45,0,2018-04-24 01:16:12,BID,9182.3,XBTUSD KRKN Curncy
46,0,2018-04-24 01:16:12,ASK,9184.0,XBTUSD KRKN Curncy
47,0,2018-04-24 01:16:12,TRADE,9180.6,XBTUSD KRKN Curncy
48,0,2018-04-24 01:21:20,BID,9178.0,XBTUSD KRKN Curncy
49,0,2018-04-24 01:21:20,ASK,9178.1,XBTUSD KRKN Curncy
50,0,2018-04-24 01:21:20,TRADE,9178.1,XBTUSD KRKN Curncy
51,0,2018-04-24 01:26:17,BID,9178.7,XBTUSD KRKN Curncy
52,0,2018-04-24 01:26:17,ASK,9178.8,XBTUSD KRKN Curncy
53,0,2018-04-24 01:26:17,TRADE,9178.8,XBTUSD KRKN Curncy
54,0,2018-04-24 01:31:10,BID,9178.8,XBTUSD KRKN Curncy
55,0,2018-04-24 01:31:10,ASK,9178.9,XBTUSD KRKN Curncy
56,0,2018-04-24 01:31:10,TRADE,9178.8,XBTUSD KRKN Curncy
57,0,2018-04-24 01:36:31,BID,9185.7,XBTUSD KRKN Curncy
58,0,2018-04-24 01:36:31,ASK,9195.1,XBTUSD KRKN Curncy
59,0,2018-04-24 01:36:31,TRADE,9193.1,XBTUSD KRKN Curncy
60,0,2018-04-24 01:41:13,BID,9190.5,XBTUSD KRKN Curncy
61,0,2018-04-24 01:41:13,ASK,9194.5,XBTUSD KRKN Curncy
62,0,2018-04-24 01:41:13,TRADE,9194.8,XBTUSD KRKN Curncy
63,0,2018-04-24 01:46:15,BID,9186.6,XBTUSD KRKN Curncy
64,0,2018-04-24 01:46:15,ASK,9187.2,XBTUSD KRKN Curncy
65,0,2018-04-24 01:46:15,TRADE,9186.6,XBTUSD KRKN Curncy
66,0,2018-04-24 01:51:09,BID,9181.1,XBTUSD KRKN Curncy
67,0,2018-04-24 01:51:09,ASK,9181.4,XBTUSD KRKN Curncy
68,0,2018-04-24 01:51:09,TRADE,9181.1,XBTUSD KRKN Curncy
69,0,2018-04-24 01:56:02,BID,9189.0,XBTUSD KRKN Curncy
70,0,2018-04-24 01:56:02,ASK,9194.5,XBTUSD KRKN Curncy
71,0,2018-04-24 01:56:02,TRADE,9193.9,XBTUSD KRKN Curncy
72,0,2018-04-24 02:01:02,BID,9194.0,XBTUSD KRKN Curncy
73,0,2018-04-24 02:01:02,ASK,9194.6,XBTUSD KRKN Curncy
74,0,2018-04-24 02:01:02,TRADE,9194.6,XBTUSD KRKN Curncy
75,0,2018-04-24 02:06:13,BID,9199.0,XBTUSD KRKN Curncy
76,0,2018-04-24 02:06:13,ASK,9200.9,XBTUSD KRKN Curncy
77,0,2018-04-24 02:06:13,TRADE,9204.9,XBTUSD KRKN Curncy
78,0,2018-04-24 02:11:33,BID,9207.6,XBTUSD KRKN Curncy
79,0,2018-04-24 02:11:33,ASK,9207.7,XBTUSD KRKN Curncy
80,0,2018-04-24 02:11:33,TRADE,9207.7,XBTUSD KRKN Curncy
81,0,2018-04-24 02:17:22,BID,9219.8,XBTUSD KRKN Curncy
82,0,2018-04-24 02:17:22,ASK,9228.4,XBTUSD KRKN Curncy
83,0,2018-04-24 02:17:22,TRADE,9215.1,XBTUSD KRKN Curncy
84,0,2018-04-24 02:21:29,BID,9200.5,XBTUSD KRKN Curncy
85,0,2018-04-24 02:21:29,ASK,9207.1,XBTUSD KRKN Curncy
86,0,2018-04-24 02:21:29,TRADE,9207.3,XBTUSD KRKN Curncy
87,0,2018-04-24 02:26:24,BID,9194.3,XBTUSD KRKN Curncy
88,0,2018-04-24 02:26:24,ASK,9194.5,XBTUSD KRKN Curncy
89,0,2018-04-24 02:26:24,TRADE,9194.3,XBTUSD KRKN Curncy
90,0,2018-04-24 02:31:21,BID,9199.0,XBTUSD KRKN Curncy
91,0,2018-04-24 02:31:21,ASK,9203.5,XBTUSD KRKN Curncy
92,0,2018-04-24 02:31:21,TRADE,9203.5,XBTUSD KRKN Curncy
93,0,2018-04-24 02:36:21,BID,9192.1,XBTUSD KRKN Curncy
94,0,2018-04-24 02:36:21,ASK,9192.2,XBTUSD KRKN Curncy
95,0,2018-04-24 02:36:21,TRADE,9192.2,XBTUSD KRKN Curncy
96,0,2018-04-24 02:41:28,BID,9192.1,XBTUSD KRKN Curncy
97,0,2018-04-24 02:41:28,ASK,9199.8,XBTUSD KRKN Curncy
98,0,2018-04-24 02:41:28,TRADE,9200.0,XBTUSD KRKN Curncy
99,0,2018-04-24 02:46:28,BID,9194.2,XBTUSD KRKN Curncy
100,0,2018-04-24 02:46:28,ASK,9194.8,XBTUSD KRKN Curncy
101,0,2018-04-24 02:46:28,TRADE,9194.2,XBTUSD KRKN Curncy
102,0,2018-04-24 02:51:21,BID,9191.9,XBTUSD KRKN Curncy
103,0,2018-04-24 02:51:21,ASK,9197.6,XBTUSD KRKN Curncy
104,0,2018-04-24 02:51:21,TRADE,9192.2,XBTUSD KRKN Curncy
105,0,2018-04-24 02:56:16,BID,9205.9,XBTUSD KRKN Curncy
106,0,2018-04-24 02:56:16,ASK,9209.7,XBTUSD KRKN Curncy
107,0,2018-04-24 02:56:16,TRADE,9209.7,XBTUSD KRKN Curncy
108,0,2018-04-24 03:01:17,BID,9215.0,XBTUSD KRKN Curncy
109,0,2018-04-24 03:01:17,ASK,9217.9,XBTUSD KRKN Curncy
110,0,2018-04-24 03:01:17,TRADE,9215.0,XBTUSD KRKN Curncy
111,0,2018-04-24 03:06:27,BID,9205.2,XBTUSD KRKN Curncy
112,0,2018-04-24 03:06:27,ASK,9205.9,XBTUSD KRKN Curncy
113,0,2018-04-24 03:06:27,TRADE,9205.1,XBTUSD KRKN Curncy
114,0,2018-04-24 03:11:43,BID,9196.0,XBTUSD KRKN Curncy
115,0,2018-04-24 03:11:43,ASK,9204.9,XBTUSD KRKN Curncy
116,0,2018-04-24 03:11:43,TRADE,9195.2,XBTUSD KRKN Curncy
117,0,2018-04-24 03:16:54,BID,9208.6,XBTUSD KRKN Curncy
118,0,2018-04-24 03:16:54,ASK,9209.0,XBTUSD KRKN Curncy
119,0,2018-04-24 03:16:54,TRADE,9209.0,XBTUSD KRKN Curncy
120,0,2018-04-24 03:21:57,BID,9209.1,XBTUSD KRKN Curncy
121,0,2018-04-24 03:21:57,ASK,9211.4,XBTUSD KRKN Curncy
122,0,2018-04-24 03:21:57,TRADE,9211.2,XBTUSD KRKN Curncy
123,0,2018-04-24 03:27:07,BID,9216.9,XBTUSD KRKN Curncy
124,0,2018-04-24 03:27:07,ASK,9217.0,XBTUSD KRKN Curncy
125,0,2018-04-24 03:27:07,TRADE,9217.0,XBTUSD KRKN Curncy
126,0,2018-04-24 03:31:58,BID,9215.8,XBTUSD KRKN Curncy
127,0,2018-04-24 03:31:58,ASK,9220.0,XBTUSD KRKN Curncy
128,0,2018-04-24 03:31:58,TRADE,9215.8,XBTUSD KRKN Curncy
129,0,2018-04-24 03:37:08,BID,9216.0,XBTUSD KRKN Curncy
130,0,2018-04-24 03:37:08,ASK,9219.3,XBTUSD KRKN Curncy
131,0,2018-04-24 03:37:08,TRADE,9219.9,XBTUSD KRKN Curncy
132,0,2018-04-24 03:42:36,BID,9218.2,XBTUSD KRKN Curncy
133,0,2018-04-24 03:42:36,ASK,9219.9,XBTUSD KRKN Curncy
134,0,2018-04-24 03:42:36,TRADE,9218.2,XBTUSD KRKN Curncy
135,0,2018-04-24 03:47:05,BID,9205.3,XBTUSD KRKN Curncy
136,0,2018-04-24 03:47:05,ASK,9206.5,XBTUSD KRKN Curncy
137,0,2018-04-24 03:47:05,TRADE,9206.4,XBTUSD KRKN Curncy
138,0,2018-04-24 03:52:12,BID,9210.0,XBTUSD KRKN Curncy
139,0,2018-04-24 03:52:12,ASK,9210.7,XBTUSD KRKN Curncy
140,0,2018-04-24 03:52:12,TRADE,9210.0,XBTUSD KRKN Curncy
141,0,2018-04-24 03:57:02,BID,9223.2,XBTUSD KRKN Curncy
142,0,2018-04-24 03:57:02,ASK,9224.7,XBTUSD KRKN Curncy
143,0,2018-04-24 03:57:02,TRADE,9223.2,XBTUSD KRKN Curncy
144,0,2018-04-24 04:02:02,BID,9210.8,XBTUSD KRKN Curncy
145,0,2018-04-24 04:02:02,ASK,9222.0,XBTUSD KRKN Curncy
146,0,2018-04-24 04:02:02,TRADE,9222.0,XBTUSD KRKN Curncy
147,0,2018-04-24 04:07:02,BID,9247.0,XBTUSD KRKN Curncy
148,0,2018-04-24 04:07:02,ASK,9247.3,XBTUSD KRKN Curncy
149,0,2018-04-24 04:07:02,TRADE,9247.4,XBTUSD KRKN Curncy
150,0,2018-04-24 04:11:57,BID,9243.9,XBTUSD KRKN Curncy
151,0,2018-04-24 04:11:57,ASK,9244.0,XBTUSD KRKN Curncy
152,0,2018-04-24 04:11:57,TRADE,9244.0,XBTUSD KRKN Curncy
153,0,2018-04-24 04:16:51,BID,9239.9,XBTUSD KRKN Curncy
154,0,2018-04-24 04:16:51,ASK,9240.0,XBTUSD KRKN Curncy
155,0,2018-04-24 04:16:51,TRADE,9240.0,XBTUSD KRKN Curncy
156,0,2018-04-24 04:22:06,BID,9218.6,XBTUSD KRKN Curncy
157,0,2018-04-24 04:22:06,ASK,9224.4,XBTUSD KRKN Curncy
158,0,2018-04-24 04:22:06,TRADE,9218.6,XBTUSD KRKN Curncy
159,0,2018-04-24 04:26:56,BID,9229.1,XBTUSD KRKN Curncy
160,0,2018-04-24 04:26:56,ASK,9233.5,XBTUSD KRKN Curncy
161,0,2018-04-24 04:26:56,TRADE,9232.6,XBTUSD KRKN Curncy
162,0,2018-04-24 04:31:57,BID,9235.4,XBTUSD KRKN Curncy
163,0,2018-04-24 04:31:57,ASK,9241.0,XBTUSD KRKN Curncy
164,0,2018-04-24 04:31:57,TRADE,9232.9,XBTUSD KRKN Curncy
165,0,2018-04-24 04:37:26,BID,9245.8,XBTUSD KRKN Curncy
166,0,2018-04-24 04:37:26,ASK,9248.8,XBTUSD KRKN Curncy
167,0,2018-04-24 04:37:26,TRADE,9249.2,XBTUSD KRKN Curncy
168,0,2018-04-24 04:42:05,BID,9247.3,XBTUSD KRKN Curncy
169,0,2018-04-24 04:42:05,ASK,9249.7,XBTUSD KRKN Curncy
170,0,2018-04-24 04:42:05,TRADE,9249.7,XBTUSD KRKN Curncy
171,0,2018-04-24 04:47:06,BID,9260.0,XBTUSD KRKN Curncy
172,0,2018-04-24 04:47:06,ASK,9260.1,XBTUSD KRKN Curncy
173,0,2018-04-24 04:47:06,TRADE,9260.1,XBTUSD KRKN Curncy
174,0,2018-04-24 04:52:10,BID,9250.9,XBTUSD KRKN Curncy
175,0,2018-04-24 04:52:10,ASK,9255.4,XBTUSD KRKN Curncy
176,0,2018-04-24 04:52:10,TRADE,9255.4,XBTUSD KRKN Curncy
177,0,2018-04-24 04:57:16,BID,9260.1,XBTUSD KRKN Curncy
178,0,2018-04-24 04:57:16,ASK,9261.8,XBTUSD KRKN Curncy
179,0,2018-04-24 04:57:16,TRADE,9260.1,XBTUSD KRKN Curncy
180,0,2018-04-24 05:02:22,BID,9273.6,XBTUSD KRKN Curncy
181,0,2018-04-24 05:02:22,ASK,9279.2,XBTUSD KRKN Curncy
182,0,2018-04-24 05:02:22,TRADE,9273.5,XBTUSD KRKN Curncy
183,0,2018-04-24 05:07:18,BID,9251.1,XBTUSD KRKN Curncy
184,0,2018-04-24 05:07:18,ASK,9259.3,XBTUSD KRKN Curncy
185,0,2018-04-24 05:07:18,TRADE,9252.0,XBTUSD KRKN Curncy
186,0,2018-04-24 05:12:30,BID,9249.3,XBTUSD KRKN Curncy
187,0,2018-04-24 05:12:30,ASK,9254.9,XBTUSD KRKN Curncy
188,0,2018-04-24 05:12:30,TRADE,9249.3,XBTUSD KRKN Curncy
189,0,2018-04-24 05:17:42,BID,9257.0,XBTUSD KRKN Curncy
190,0,2018-04-24 05:17:42,ASK,9258.2,XBTUSD KRKN Curncy
191,0,2018-04-24 05:17:42,TRADE,9257.0,XBTUSD KRKN Curncy
192,0,2018-04-24 05:22:36,BID,9254.9,XBTUSD KRKN Curncy
193,0,2018-04-24 05:22:36,ASK,9255.0,XBTUSD KRKN Curncy
194,0,2018-04-24 05:22:36,TRADE,9254.9,XBTUSD KRKN Curncy
195,0,2018-04-24 05:27:44,BID,9250.7,XBTUSD KRKN Curncy
196,0,2018-04-24 05:27:44,ASK,9253.3,XBTUSD KRKN Curncy
197,0,2018-04-24 05:27:44,TRADE,9254.0,XBTUSD KRKN Curncy
198,0,2018-04-24 05:32:53,BID,9244.3,XBTUSD KRKN Curncy
199,0,2018-04-24 05:32:53,ASK,9253.1,XBTUSD KRKN Curncy
200,0,2018-04-24 05:32:53,TRADE,9253.1,XBTUSD KRKN Curncy
201,0,2018-04-24 05:37:57,BID,9292.1,XBTUSD KRKN Curncy
202,0,2018-04-24 05:37:57,ASK,9296.0,XBTUSD KRKN Curncy
203,0,2018-04-24 05:37:57,TRADE,9296.0,XBTUSD KRKN Curncy
204,0,2018-04-24 05:42:49,BID,9282.0,XBTUSD KRKN Curncy
205,0,2018-04-24 05:42:49,ASK,9287.0,XBTUSD KRKN Curncy
206,0,2018-04-24 05:42:49,TRADE,9294.3,XBTUSD KRKN Curncy
207,0,2018-04-24 05:47:52,BID,9294.2,XBTUSD KRKN Curncy
208,0,2018-04-24 05:47:52,ASK,9294.4,XBTUSD KRKN Curncy
209,0,2018-04-24 05:47:52,TRADE,9294.4,XBTUSD KRKN Curncy
210,0,2018-04-24 05:52:40,BID,9305.0,XBTUSD KRKN Curncy
211,0,2018-04-24 05:52:40,ASK,9306.0,XBTUSD KRKN Curncy
212,0,2018-04-24 05:52:40,TRADE,9305.0,XBTUSD KRKN Curncy
213,0,2018-04-24 05:57:42,BID,9308.5,XBTUSD KRKN Curncy
214,0,2018-04-24 05:57:42,ASK,9308.7,XBTUSD KRKN Curncy
215,0,2018-04-24 05:57:42,TRADE,9308.5,XBTUSD KRKN Curncy
216,0,2018-04-24 06:02:46,BID,9298.0,XBTUSD KRKN Curncy
217,0,2018-04-24 06:02:46,ASK,9300.0,XBTUSD KRKN Curncy
218,0,2018-04-24 06:02:46,TRADE,9300.0,XBTUSD KRKN Curncy
219,0,2018-04-24 06:07:35,BID,9296.5,XBTUSD KRKN Curncy
220,0,2018-04-24 06:07:35,ASK,9299.8,XBTUSD KRKN Curncy
221,0,2018-04-24 06:07:35,TRADE,9299.8,XBTUSD KRKN Curncy
222,0,2018-04-24 06:12:56,BID,9297.3,XBTUSD KRKN Curncy
223,0,2018-04-24 06:12:56,ASK,9302.5,XBTUSD KRKN Curncy
224,0,2018-04-24 06:12:56,TRADE,9305.0,XBTUSD KRKN Curncy
225,0,2018-04-24 06:17:10,BID,9289.7,XBTUSD KRKN Curncy
226,0,2018-04-24 06:17:10,ASK,9293.8,XBTUSD KRKN Curncy
227,0,2018-04-24 06:17:10,TRADE,9301.4,XBTUSD KRKN Curncy
228,0,2018-04-24 06:22:33,BID,9282.4,XBTUSD KRKN Curncy
229,0,2018-04-24 06:22:33,ASK,9288.1,XBTUSD KRKN Curncy
230,0,2018-04-24 06:22:33,TRADE,9282.0,XBTUSD KRKN Curncy
231,0,2018-04-24 06:27:14,BID,9281.0,XBTUSD KRKN Curncy
232,0,2018-04-24 06:27:14,ASK,9286.3,XBTUSD KRKN Curncy
233,0,2018-04-24 06:27:14,TRADE,9284.7,XBTUSD KRKN Curncy
234,0,2018-04-24 06:33:13,BID,9268.0,XBTUSD KRKN Curncy
235,0,2018-04-24 06:33:13,ASK,9268.1,XBTUSD KRKN Curncy
236,0,2018-04-24 06:33:13,TRADE,9268.2,XBTUSD KRKN Curncy
237,0,2018-04-24 06:37:09,BID,9259.2,XBTUSD KRKN Curncy
238,0,2018-04-24 06:37:09,ASK,9259.3,XBTUSD KRKN Curncy
239,0,2018-04-24 06:37:09,TRADE,9254.2,XBTUSD KRKN Curncy
240,0,2018-04-24 06:42:59,BID,9264.1,XBTUSD KRKN Curncy
241,0,2018-04-24 06:42:59,ASK,9269.7,XBTUSD KRKN Curncy
242,0,2018-04-24 06:42:59,TRADE,9267.1,XBTUSD KRKN Curncy
243,0,2018-04-24 06:47:46,BID,9264.4,XBTUSD KRKN Curncy
244,0,2018-04-24 06:47:46,ASK,9264.8,XBTUSD KRKN Curncy
245,0,2018-04-24 06:47:46,TRADE,9264.8,XBTUSD KRKN Curncy
246,0,2018-04-24 06:52:34,BID,9263.0,XBTUSD KRKN Curncy
247,0,2018-04-24 06:52:34,ASK,9267.3,XBTUSD KRKN Curncy
248,0,2018-04-24 06:52:34,TRADE,9268.1,XBTUSD KRKN Curncy
249,0,2018-04-24 06:57:08,BID,9271.9,XBTUSD KRKN Curncy
250,0,2018-04-24 06:57:08,ASK,9272.0,XBTUSD KRKN Curncy
251,0,2018-04-24 06:57:08,TRADE,9272.0,XBTUSD KRKN Curncy
252,0,2018-04-24 07:02:21,BID,9249.1,XBTUSD KRKN Curncy
253,0,2018-04-24 07:02:21,ASK,9251.1,XBTUSD KRKN Curncy
254,0,2018-04-24 07:02:21,TRADE,9250.0,XBTUSD KRKN Curncy
255,0,2018-04-24 07:07:15,BID,9231.2,XBTUSD KRKN Curncy
256,0,2018-04-24 07:07:15,ASK,9235.0,XBTUSD KRKN Curncy
257,0,2018-04-24 07:07:15,TRADE,9235.0,XBTUSD KRKN Curncy
258,0,2018-04-24 07:12:18,BID,9221.8,XBTUSD KRKN Curncy
259,0,2018-04-24 07:12:18,ASK,9228.6,XBTUSD KRKN Curncy
260,0,2018-04-24 07:12:18,TRADE,9215.0,XBTUSD KRKN Curncy
261,0,2018-04-24 07:17:25,BID,9232.9,XBTUSD KRKN Curncy
262,0,2018-04-24 07:17:25,ASK,9233.8,XBTUSD KRKN Curncy
263,0,2018-04-24 07:17:25,TRADE,9235.7,XBTUSD KRKN Curncy
264,0,2018-04-24 07:22:09,BID,9235.7,XBTUSD KRKN Curncy
265,0,2018-04-24 07:22:09,ASK,9241.0,XBTUSD KRKN Curncy
266,0,2018-04-24 07:22:09,TRADE,9235.7,XBTUSD KRKN Curncy
267,0,2018-04-24 07:27:16,BID,9246.1,XBTUSD KRKN Curncy
268,0,2018-04-24 07:27:16,ASK,9247.9,XBTUSD KRKN Curncy
269,0,2018-04-24 07:27:16,TRADE,9246.0,XBTUSD KRKN Curncy
270,0,2018-04-24 07:32:17,BID,9246.0,XBTUSD KRKN Curncy
271,0,2018-04-24 07:32:17,ASK,9247.1,XBTUSD KRKN Curncy
272,0,2018-04-24 07:32:17,TRADE,9246.0,XBTUSD KRKN Curncy
273,0,2018-04-24 07:37:11,BID,9256.0,XBTUSD KRKN Curncy
274,0,2018-04-24 07:37:11,ASK,9257.0,XBTUSD KRKN Curncy
275,0,2018-04-24 07:37:11,TRADE,9256.0,XBTUSD KRKN Curncy
276,0,2018-04-24 07:41:55,BID,9257.0,XBTUSD KRKN Curncy
277,0,2018-04-24 07:41:55,ASK,9257.7,XBTUSD KRKN Curncy
278,0,2018-04-24 07:41:55,TRADE,9257.0,XBTUSD KRKN Curncy
279,0,2018-04-24 07:46:52,BID,9246.0,XBTUSD KRKN Curncy
280,0,2018-04-24 07:46:52,ASK,9250.0,XBTUSD KRKN Curncy
281,0,2018-04-24 07:46:52,TRADE,9246.0,XBTUSD KRKN Curncy
282,0,2018-04-24 07:52:04,BID,9236.6,XBTUSD KRKN Curncy
283,0,2018-04-24 07:52:04,ASK,9240.0,XBTUSD KRKN Curncy
284,0,2018-04-24 07:52:04,TRADE,9250.4,XBTUSD KRKN Curncy
285,0,2018-04-24 07:57:01,BID,9237.1,XBTUSD KRKN Curncy
286,0,2018-04-24 07:57:01,ASK,9243.6,XBTUSD KRKN Curncy
287,0,2018-04-24 07:57:01,TRADE,9243.6,XBTUSD KRKN Curncy
288,0,2018-04-24 08:02:14,BID,9238.1,XBTUSD KRKN Curncy
289,0,2018-04-24 08:02:14,ASK,9243.9,XBTUSD KRKN Curncy
290,0,2018-04-24 08:02:14,TRADE,9238.1,XBTUSD KRKN Curncy
291,0,2018-04-24 08:07:13,BID,9245.1,XBTUSD KRKN Curncy
292,0,2018-04-24 08:07:13,ASK,9253.4,XBTUSD KRKN Curncy
293,0,2018-04-24 08:07:13,TRADE,9261.8,XBTUSD KRKN Curncy
294,0,2018-04-24 08:12:25,BID,9258.7,XBTUSD KRKN Curncy
295,0,2018-04-24 08:12:25,ASK,9259.2,XBTUSD KRKN Curncy
296,0,2018-04-24 08:12:25,TRADE,9259.8,XBTUSD KRKN Curncy
297,0,2018-04-24 08:17:31,BID,9266.9,XBTUSD KRKN Curncy
298,0,2018-04-24 08:17:31,ASK,9268.0,XBTUSD KRKN Curncy
299,0,2018-04-24 08:17:31,TRADE,9268.0,XBTUSD KRKN Curncy
300,0,2018-04-24 08:22:37,BID,9271.0,XBTUSD KRKN Curncy
301,0,2018-04-24 08:22:37,ASK,9278.8,XBTUSD KRKN Curncy
302,0,2018-04-24 08:22:37,TRADE,9268.2,XBTUSD KRKN Curncy
303,0,2018-04-24 08:27:23,BID,9260.2,XBTUSD KRKN Curncy
304,0,2018-04-24 08:27:23,ASK,9271.3,XBTUSD KRKN Curncy
305,0,2018-04-24 08:27:23,TRADE,9260.2,XBTUSD KRKN Curncy
306,0,2018-04-24 08:32:17,BID,9270.3,XBTUSD KRKN Curncy
307,0,2018-04-24 08:32:17,ASK,9270.5,XBTUSD KRKN Curncy
308,0,2018-04-24 08:32:17,TRADE,9270.5,XBTUSD KRKN Curncy
309,0,2018-04-24 08:37:13,BID,9283.5,XBTUSD KRKN Curncy
310,0,2018-04-24 08:37:13,ASK,9283.6,XBTUSD KRKN Curncy
311,0,2018-04-24 08:37:13,TRADE,9276.6,XBTUSD KRKN Curncy
312,0,2018-04-24 08:42:20,BID,9281.2,XBTUSD KRKN Curncy
313,0,2018-04-24 08:42:20,ASK,9284.3,XBTUSD KRKN Curncy
314,0,2018-04-24 08:42:20,TRADE,9281.2,XBTUSD KRKN Curncy
315,0,2018-04-24 08:47:19,BID,9275.7,XBTUSD KRKN Curncy
316,0,2018-04-24 08:47:19,ASK,9279.3,XBTUSD KRKN Curncy
317,0,2018-04-24 08:47:19,TRADE,9275.6,XBTUSD KRKN Curncy
318,0,2018-04-24 08:52:15,BID,9275.0,XBTUSD KRKN Curncy
319,0,2018-04-24 08:52:15,ASK,9280.0,XBTUSD KRKN Curncy
320,0,2018-04-24 08:52:15,TRADE,9275.0,XBTUSD KRKN Curncy
321,0,2018-04-24 08:57:12,BID,9279.6,XBTUSD KRKN Curncy
322,0,2018-04-24 08:57:12,ASK,9280.0,XBTUSD KRKN Curncy
323,0,2018-04-24 08:57:12,TRADE,9279.6,XBTUSD KRKN Curncy
324,0,2018-04-24 09:02:18,BID,9276.9,XBTUSD KRKN Curncy
325,0,2018-04-24 09:02:18,ASK,9277.0,XBTUSD KRKN Curncy
326,0,2018-04-24 09:02:18,TRADE,9276.0,XBTUSD KRKN Curncy
327,0,2018-04-24 09:07:33,BID,9290.0,XBTUSD KRKN Curncy
328,0,2018-04-24 09:07:33,ASK,9290.2,XBTUSD KRKN Curncy
329,0,2018-04-24 09:07:33,TRADE,9290.0,XBTUSD KRKN Curncy
330,0,2018-04-24 09:12:33,BID,9288.7,XBTUSD KRKN Curncy
331,0,2018-04-24 09:12:33,ASK,9293.4,XBTUSD KRKN Curncy
332,0,2018-04-24 09:12:33,TRADE,9295.0,XBTUSD KRKN Curncy
333,0,2018-04-24 09:18:21,BID,9289.1,XBTUSD KRKN Curncy
334,0,2018-04-24 09:18:21,ASK,9292.0,XBTUSD KRKN Curncy
335,0,2018-04-24 09:18:21,TRADE,9289.0,XBTUSD KRKN Curncy
336,0,2018-04-24 09:22:32,BID,9259.4,XBTUSD KRKN Curncy
337,0,2018-04-24 09:22:32,ASK,9266.9,XBTUSD KRKN Curncy
338,0,2018-04-24 09:22:32,TRADE,9258.4,XBTUSD KRKN Curncy
339,0,2018-04-24 09:27:26,BID,9268.6,XBTUSD KRKN Curncy
340,0,2018-04-24 09:27:26,ASK,9276.4,XBTUSD KRKN Curncy
341,0,2018-04-24 09:27:26,TRADE,9278.0,XBTUSD KRKN Curncy
342,0,2018-04-24 09:32:17,BID,9265.5,XBTUSD KRKN Curncy
343,0,2018-04-24 09:32:17,ASK,9275.6,XBTUSD KRKN Curncy
344,0,2018-04-24 09:32:17,TRADE,9267.7,XBTUSD KRKN Curncy
345,0,2018-04-24 09:37:47,BID,9269.6,XBTUSD KRKN Curncy
346,0,2018-04-24 09:37:47,ASK,9272.1,XBTUSD KRKN Curncy
347,0,2018-04-24 09:37:47,TRADE,9269.6,XBTUSD KRKN Curncy
348,0,2018-04-24 09:42:18,BID,9263.7,XBTUSD KRKN Curncy
349,0,2018-04-24 09:42:18,ASK,9272.1,XBTUSD KRKN Curncy
350,0,2018-04-24 09:42:18,TRADE,9263.7,XBTUSD KRKN Curncy
351,0,2018-04-24 09:47:15,BID,9282.5,XBTUSD KRKN Curncy
352,0,2018-04-24 09:47:15,ASK,9291.9,XBTUSD KRKN Curncy
353,0,2018-04-24 09:47:15,TRADE,9298.4,XBTUSD KRKN Curncy
354,0,2018-04-24 09:52:17,BID,9299.9,XBTUSD KRKN Curncy
355,0,2018-04-24 09:52:17,ASK,9311.9,XBTUSD KRKN Curncy
356,0,2018-04-24 09:52:17,TRADE,9311.9,XBTUSD KRKN Curncy
357,0,2018-04-24 09:57:21,BID,9288.3,XBTUSD KRKN Curncy
358,0,2018-04-24 09:57:21,ASK,9293.3,XBTUSD KRKN Curncy
359,0,2018-04-24 09:57:21,TRADE,9296.0,XBTUSD KRKN Curncy
360,0,2018-04-24 10:01:53,BID,9299.9,XBTUSD KRKN Curncy
361,0,2018-04-24 10:01:53,ASK,9300.0,XBTUSD KRKN Curncy
362,0,2018-04-24 10:01:53,TRADE,9300.0,XBTUSD KRKN Curncy
363,0,2018-04-24 10:06:53,BID,9295.1,XBTUSD KRKN Curncy
364,0,2018-04-24 10:06:53,ASK,9299.6,XBTUSD KRKN Curncy
365,0,2018-04-24 10:06:53,TRADE,9299.6,XBTUSD KRKN Curncy
366,0,2018-04-24 10:11:43,BID,9296.8,XBTUSD KRKN Curncy
367,0,2018-04-24 10:11:43,ASK,9297.0,XBTUSD KRKN Curncy
368,0,2018-04-24 10:11:43,TRADE,9296.8,XBTUSD KRKN Curncy
369,0,2018-04-24 10:16:57,BID,9306.7,XBTUSD KRKN Curncy
370,0,2018-04-24 10:16:57,ASK,9312.4,XBTUSD KRKN Curncy
371,0,2018-04-24 10:16:57,TRADE,9305.0,XBTUSD KRKN Curncy
372,0,2018-04-24 10:22:03,BID,9310.9,XBTUSD KRKN Curncy
373,0,2018-04-24 10:22:03,ASK,9314.2,XBTUSD KRKN Curncy
374,0,2018-04-24 10:22:03,TRADE,9310.0,XBTUSD KRKN Curncy
375,0,2018-04-24 10:27:19,BID,9314.9,XBTUSD KRKN Curncy
376,0,2018-04-24 10:27:19,ASK,9315.6,XBTUSD KRKN Curncy
377,0,2018-04-24 10:27:19,TRADE,9310.9,XBTUSD KRKN Curncy
378,0,2018-04-24 10:32:23,BID,9314.8,XBTUSD KRKN Curncy
379,0,2018-04-24 10:32:23,ASK,9315.0,XBTUSD KRKN Curncy
380,0,2018-04-24 10:32:23,TRADE,9326.3,XBTUSD KRKN Curncy
381,0,2018-04-24 10:37:29,BID,9320.1,XBTUSD KRKN Curncy
382,0,2018-04-24 10:37:29,ASK,9325.3,XBTUSD KRKN Curncy
383,0,2018-04-24 10:37:29,TRADE,9320.0,XBTUSD KRKN Curncy
384,0,2018-04-24 10:42:28,BID,9315.0,XBTUSD KRKN Curncy
385,0,2018-04-24 10:42:28,ASK,9315.1,XBTUSD KRKN Curncy
386,0,2018-04-24 10:42:28,TRADE,9315.0,XBTUSD KRKN Curncy
387,0,2018-04-24 10:47:37,BID,9310.1,XBTUSD KRKN Curncy
388,0,2018-04-24 10:47:37,ASK,9310.9,XBTUSD KRKN Curncy
389,0,2018-04-24 10:47:37,TRADE,9310.1,XBTUSD KRKN Curncy
390,0,2018-04-24 10:52:49,BID,9305.3,XBTUSD KRKN Curncy
391,0,2018-04-24 10:52:49,ASK,9305.5,XBTUSD KRKN Curncy
392,0,2018-04-24 10:52:49,TRADE,9305.5,XBTUSD KRKN Curncy
393,0,2018-04-24 10:57:50,BID,9314.7,XBTUSD KRKN Curncy
394,0,2018-04-24 10:57:50,ASK,9320.4,XBTUSD KRKN Curncy
395,0,2018-04-24 10:57:50,TRADE,9314.6,XBTUSD KRKN Curncy
396,0,2018-04-24 11:03:08,BID,9325.3,XBTUSD KRKN Curncy
397,0,2018-04-24 11:03:08,ASK,9330.0,XBTUSD KRKN Curncy
398,0,2018-04-24 11:03:08,TRADE,9334.1,XBTUSD KRKN Curncy
399,0,2018-04-24 11:07:58,BID,9339.0,XBTUSD KRKN Curncy
400,0,2018-04-24 11:07:58,ASK,9339.4,XBTUSD KRKN Curncy
401,0,2018-04-24 11:07:58,TRADE,9338.6,XBTUSD KRKN Curncy
402,0,2018-04-24 11:13:05,BID,9347.8,XBTUSD KRKN Curncy
403,0,2018-04-24 11:13:05,ASK,9350.0,XBTUSD KRKN Curncy
404,0,2018-04-24 11:13:05,TRADE,9347.8,XBTUSD KRKN Curncy
405,0,2018-04-24 11:17:51,BID,9340.0,XBTUSD KRKN Curncy
406,0,2018-04-24 11:17:51,ASK,9340.2,XBTUSD KRKN Curncy
407,0,2018-04-24 11:17:51,TRADE,9340.0,XBTUSD KRKN Curncy
408,0,2018-04-24 11:23:11,BID,9351.1,XBTUSD KRKN Curncy
409,0,2018-04-24 11:23:11,ASK,9356.1,XBTUSD KRKN Curncy
410,0,2018-04-24 11:23:11,TRADE,9357.8,XBTUSD KRKN Curncy
411,0,2018-04-24 11:27:49,BID,9341.1,XBTUSD KRKN Curncy
412,0,2018-04-24 11:27:49,ASK,9346.8,XBTUSD KRKN Curncy
413,0,2018-04-24 11:27:49,TRADE,9341.1,XBTUSD KRKN Curncy
414,0,2018-04-24 11:32:35,BID,9329.1,XBTUSD KRKN Curncy
415,0,2018-04-24 11:32:35,ASK,9332.4,XBTUSD KRKN Curncy
416,0,2018-04-24 11:32:35,TRADE,9332.2,XBTUSD KRKN Curncy
417,0,2018-04-24 11:37:26,BID,9329.6,XBTUSD KRKN Curncy
418,0,2018-04-24 11:37:26,ASK,9330.0,XBTUSD KRKN Curncy
419,0,2018-04-24 11:37:26,TRADE,9329.6,XBTUSD KRKN Curncy
420,0,2018-04-24 11:42:40,BID,9312.8,XBTUSD KRKN Curncy
421,0,2018-04-24 11:42:40,ASK,9317.0,XBTUSD KRKN Curncy
422,0,2018-04-24 11:42:40,TRADE,9312.8,XBTUSD KRKN Curncy
423,0,2018-04-24 11:47:40,BID,9309.9,XBTUSD KRKN Curncy
424,0,2018-04-24 11:47:40,ASK,9310.0,XBTUSD KRKN Curncy
425,0,2018-04-24 11:47:40,TRADE,9309.9,XBTUSD KRKN Curncy
426,0,2018-04-24 11:52:31,BID,9317.6,XBTUSD KRKN Curncy
427,0,2018-04-24 11:52:31,ASK,9317.7,XBTUSD KRKN Curncy
428,0,2018-04-24 11:52:31,TRADE,9317.7,XBTUSD KRKN Curncy
429,0,2018-04-24 11:57:37,BID,9302.1,XBTUSD KRKN Curncy
430,0,2018-04-24 11:57:37,ASK,9303.9,XBTUSD KRKN Curncy
431,0,2018-04-24 11:57:37,TRADE,9302.1,XBTUSD KRKN Curncy
432,0,2018-04-24 12:02:36,BID,9309.9,XBTUSD KRKN Curncy
433,0,2018-04-24 12:02:36,ASK,9310.0,XBTUSD KRKN Curncy
434,0,2018-04-24 12:02:36,TRADE,9309.8,XBTUSD KRKN Curncy
435,0,2018-04-24 12:07:27,BID,9317.1,XBTUSD KRKN Curncy
436,0,2018-04-24 12:07:27,ASK,9317.6,XBTUSD KRKN Curncy
437,0,2018-04-24 12:07:27,TRADE,9316.8,XBTUSD KRKN Curncy
438,0,2018-04-24 12:12:44,BID,9324.6,XBTUSD KRKN Curncy
439,0,2018-04-24 12:12:44,ASK,9324.7,XBTUSD KRKN Curncy
440,0,2018-04-24 12:12:44,TRADE,9324.6,XBTUSD KRKN Curncy
441,0,2018-04-24 12:17:37,BID,9324.4,XBTUSD KRKN Curncy
442,0,2018-04-24 12:17:37,ASK,9324.6,XBTUSD KRKN Curncy
443,0,2018-04-24 12:17:37,TRADE,9324.4,XBTUSD KRKN Curncy
444,0,2018-04-24 12:22:47,BID,9339.6,XBTUSD KRKN Curncy
445,0,2018-04-24 12:22:47,ASK,9344.8,XBTUSD KRKN Curncy
446,0,2018-04-24 12:22:47,TRADE,9344.8,XBTUSD KRKN Curncy
447,0,2018-04-24 12:28:01,BID,9329.3,XBTUSD KRKN Curncy
448,0,2018-04-24 12:28:01,ASK,9329.9,XBTUSD KRKN Curncy
449,0,2018-04-24 12:28:01,TRADE,9330.0,XBTUSD KRKN Curncy
450,0,2018-04-24 12:32:58,BID,9336.0,XBTUSD KRKN Curncy
451,0,2018-04-24 12:32:58,ASK,9336.3,XBTUSD KRKN Curncy
452,0,2018-04-24 12:32:58,TRADE,9336.0,XBTUSD KRKN Curncy
453,0,2018-04-24 12:38:04,BID,9349.4,XBTUSD KRKN Curncy
454,0,2018-04-24 12:38:04,ASK,9355.0,XBTUSD KRKN Curncy
455,0,2018-04-24 12:38:04,TRADE,9355.0,XBTUSD KRKN Curncy
456,0,2018-04-24 12:43:17,BID,9338.0,XBTUSD KRKN Curncy
457,0,2018-04-24 12:43:17,ASK,9338.2,XBTUSD KRKN Curncy
458,0,2018-04-24 12:43:17,TRADE,9338.2,XBTUSD KRKN Curncy
459,0,2018-04-24 12:48:08,BID,9343.2,XBTUSD KRKN Curncy
460,0,2018-04-24 12:48:08,ASK,9343.3,XBTUSD KRKN Curncy
461,0,2018-04-24 12:48:08,TRADE,9343.2,XBTUSD KRKN Curncy
462,0,2018-04-24 12:53:27,BID,9347.5,XBTUSD KRKN Curncy
463,0,2018-04-24 12:53:27,ASK,9347.7,XBTUSD KRKN Curncy
464,0,2018-04-24 12:53:27,TRADE,9347.4,XBTUSD KRKN Curncy
465,0,2018-04-24 12:58:21,BID,9358.1,XBTUSD KRKN Curncy
466,0,2018-04-24 12:58:21,ASK,9360.0,XBTUSD KRKN Curncy
467,0,2018-04-24 12:58:21,TRADE,9359.9,XBTUSD KRKN Curncy
468,0,2018-04-24 13:04:03,BID,9360.0,XBTUSD KRKN Curncy
469,0,2018-04-24 13:04:03,ASK,9360.1,XBTUSD KRKN Curncy
470,0,2018-04-24 13:04:03,TRADE,9360.0,XBTUSD KRKN Curncy
471,0,2018-04-24 13:08:24,BID,9354.0,XBTUSD KRKN Curncy
472,0,2018-04-24 13:08:24,ASK,9354.1,XBTUSD KRKN Curncy
473,0,2018-04-24 13:08:24,TRADE,9354.0,XBTUSD KRKN Curncy
474,0,2018-04-24 13:13:13,BID,9354.7,XBTUSD KRKN Curncy
475,0,2018-04-24 13:13:13,ASK,9359.0,XBTUSD KRKN Curncy
476,0,2018-04-24 13:13:13,TRADE,9359.0,XBTUSD KRKN Curncy
477,0,2018-04-24 13:18:19,BID,9379.8,XBTUSD KRKN Curncy
478,0,2018-04-24 13:18:19,ASK,9385.0,XBTUSD KRKN Curncy
479,0,2018-04-24 13:18:19,TRADE,9372.9,XBTUSD KRKN Curncy
480,0,2018-04-24 13:23:17,BID,9377.5,XBTUSD KRKN Curncy
481,0,2018-04-24 13:23:17,ASK,9377.7,XBTUSD KRKN Curncy
482,0,2018-04-24 13:23:17,TRADE,9377.7,XBTUSD KRKN Curncy
483,0,2018-04-24 13:28:07,BID,9371.0,XBTUSD KRKN Curncy
484,0,2018-04-24 13:28:07,ASK,9378.4,XBTUSD KRKN Curncy
485,0,2018-04-24 13:28:07,TRADE,9378.4,XBTUSD KRKN Curncy
486,0,2018-04-24 13:33:07,BID,9387.5,XBTUSD KRKN Curncy
487,0,2018-04-24 13:33:07,ASK,9399.9,XBTUSD KRKN Curncy
488,0,2018-04-24 13:33:07,TRADE,9400.0,XBTUSD KRKN Curncy
489,0,2018-04-24 13:38:23,BID,9410.0,XBTUSD KRKN Curncy
490,0,2018-04-24 13:38:23,ASK,9410.1,XBTUSD KRKN Curncy
491,0,2018-04-24 13:38:23,TRADE,9410.1,XBTUSD KRKN Curncy
492,0,2018-04-24 13:43:18,BID,9383.0,XBTUSD KRKN Curncy
493,0,2018-04-24 13:43:18,ASK,9384.6,XBTUSD KRKN Curncy
494,0,2018-04-24 13:43:18,TRADE,9384.5,XBTUSD KRKN Curncy
495,0,2018-04-24 13:48:24,BID,9358.0,XBTUSD KRKN Curncy
496,0,2018-04-24 13:48:24,ASK,9359.5,XBTUSD KRKN Curncy
497,0,2018-04-24 13:48:24,TRADE,9358.0,XBTUSD KRKN Curncy
498,0,2018-04-24 13:53:33,BID,9311.6,XBTUSD KRKN Curncy
499,0,2018-04-24 13:53:33,ASK,9314.4,XBTUSD KRKN Curncy
500,0,2018-04-24 13:53:33,TRADE,9311.6,XBTUSD KRKN Curncy
501,0,2018-04-24 13:58:36,BID,9278.9,XBTUSD KRKN Curncy
502,0,2018-04-24 13:58:36,ASK,9279.8,XBTUSD KRKN Curncy
503,0,2018-04-24 13:58:36,TRADE,9279.8,XBTUSD KRKN Curncy
504,0,2018-04-24 14:03:37,BID,9241.7,XBTUSD KRKN Curncy
505,0,2018-04-24 14:03:37,ASK,9248.4,XBTUSD KRKN Curncy
506,0,2018-04-24 14:03:37,TRADE,9245.0,XBTUSD KRKN Curncy
507,0,2018-04-24 14:08:47,BID,9270.4,XBTUSD KRKN Curncy
508,0,2018-04-24 14:08:47,ASK,9275.9,XBTUSD KRKN Curncy
509,0,2018-04-24 14:08:47,TRADE,9270.4,XBTUSD KRKN Curncy
510,0,2018-04-24 14:13:43,BID,9290.0,XBTUSD KRKN Curncy
511,0,2018-04-24 14:13:43,ASK,9290.2,XBTUSD KRKN Curncy
512,0,2018-04-24 14:13:43,TRADE,9290.2,XBTUSD KRKN Curncy
513,0,2018-04-24 14:18:46,BID,9292.4,XBTUSD KRKN Curncy
514,0,2018-04-24 14:18:46,ASK,9293.0,XBTUSD KRKN Curncy
515,0,2018-04-24 14:18:46,TRADE,9293.2,XBTUSD KRKN Curncy
516,0,2018-04-24 14:23:36,BID,9280.3,XBTUSD KRKN Curncy
517,0,2018-04-24 14:23:36,ASK,9282.3,XBTUSD KRKN Curncy
518,0,2018-04-24 14:23:36,TRADE,9276.2,XBTUSD KRKN Curncy
519,0,2018-04-24 14:28:41,BID,9297.0,XBTUSD KRKN Curncy
520,0,2018-04-24 14:28:41,ASK,9297.2,XBTUSD KRKN Curncy
521,0,2018-04-24 14:28:41,TRADE,9297.4,XBTUSD KRKN Curncy
522,0,2018-04-24 14:33:42,BID,9289.9,XBTUSD KRKN Curncy
523,0,2018-04-24 14:33:42,ASK,9296.0,XBTUSD KRKN Curncy
524,0,2018-04-24 14:33:42,TRADE,9289.9,XBTUSD KRKN Curncy
525,0,2018-04-24 14:38:45,BID,9308.0,XBTUSD KRKN Curncy
526,0,2018-04-24 14:38:45,ASK,9309.7,XBTUSD KRKN Curncy
527,0,2018-04-24 14:38:45,TRADE,9308.0,XBTUSD KRKN Curncy
528,0,2018-04-24 14:43:41,BID,9333.8,XBTUSD KRKN Curncy
529,0,2018-04-24 14:43:41,ASK,9335.0,XBTUSD KRKN Curncy
530,0,2018-04-24 14:43:41,TRADE,9335.1,XBTUSD KRKN Curncy
531,0,2018-04-24 14:48:28,BID,9336.7,XBTUSD KRKN Curncy
532,0,2018-04-24 14:48:28,ASK,9338.5,XBTUSD KRKN Curncy
533,0,2018-04-24 14:48:28,TRADE,9339.2,XBTUSD KRKN Curncy
534,0,2018-04-24 14:53:34,BID,9328.0,XBTUSD KRKN Curncy
535,0,2018-04-24 14:53:34,ASK,9330.1,XBTUSD KRKN Curncy
536,0,2018-04-24 14:53:34,TRADE,9330.2,XBTUSD KRKN Curncy
537,0,2018-04-24 14:58:46,BID,9302.1,XBTUSD KRKN Curncy
538,0,2018-04-24 14:58:46,ASK,9310.0,XBTUSD KRKN Curncy
539,0,2018-04-24 14:58:46,TRADE,9310.0,XBTUSD KRKN Curncy
540,0,2018-04-24 15:03:46,BID,9334.9,XBTUSD KRKN Curncy
541,0,2018-04-24 15:03:46,ASK,9344.9,XBTUSD KRKN Curncy
542,0,2018-04-24 15:03:46,TRADE,9344.9,XBTUSD KRKN Curncy
543,0,2018-04-24 15:09:00,BID,9344.1,XBTUSD KRKN Curncy
544,0,2018-04-24 15:09:00,ASK,9345.0,XBTUSD KRKN Curncy
545,0,2018-04-24 15:09:00,TRADE,9344.4,XBTUSD KRKN Curncy
546,0,2018-04-24 15:14:03,BID,9350.7,XBTUSD KRKN Curncy
547,0,2018-04-24 15:14:03,ASK,9350.9,XBTUSD KRKN Curncy
548,0,2018-04-24 15:14:03,TRADE,9350.7,XBTUSD KRKN Curncy
549,0,2018-04-24 15:18:54,BID,9366.3,XBTUSD KRKN Curncy
550,0,2018-04-24 15:18:54,ASK,9366.4,XBTUSD KRKN Curncy
551,0,2018-04-24 15:18:54,TRADE,9366.3,XBTUSD KRKN Curncy
552,0,2018-04-24 15:24:05,BID,9365.0,XBTUSD KRKN Curncy
553,0,2018-04-24 15:24:05,ASK,9373.5,XBTUSD KRKN Curncy
554,0,2018-04-24 15:24:05,TRADE,9363.1,XBTUSD KRKN Curncy
555,0,2018-04-24 15:29:03,BID,9361.5,XBTUSD KRKN Curncy
556,0,2018-04-24 15:29:03,ASK,9369.3,XBTUSD KRKN Curncy
557,0,2018-04-24 15:29:03,TRADE,9369.3,XBTUSD KRKN Curncy
558,0,2018-04-24 15:34:02,BID,9366.7,XBTUSD KRKN Curncy
559,0,2018-04-24 15:34:02,ASK,9367.2,XBTUSD KRKN Curncy
560,0,2018-04-24 15:34:02,TRADE,9375.9,XBTUSD KRKN Curncy
561,0,2018-04-24 15:39:04,BID,9346.5,XBTUSD KRKN Curncy
562,0,2018-04-24 15:39:04,ASK,9348.8,XBTUSD KRKN Curncy
563,0,2018-04-24 15:39:04,TRADE,9348.9,XBTUSD KRKN Curncy
564,0,2018-04-24 15:43:57,BID,9330.6,XBTUSD KRKN Curncy
565,0,2018-04-24 15:43:57,ASK,9339.5,XBTUSD KRKN Curncy
566,0,2018-04-24 15:43:57,TRADE,9330.5,XBTUSD KRKN Curncy
567,0,2018-04-24 15:48:53,BID,9339.9,XBTUSD KRKN Curncy
568,0,2018-04-24 15:48:53,ASK,9340.0,XBTUSD KRKN Curncy
569,0,2018-04-24 15:48:53,TRADE,9340.0,XBTUSD KRKN Curncy
570,0,2018-04-24 15:53:40,BID,9350.0,XBTUSD KRKN Curncy
571,0,2018-04-24 15:53:40,ASK,9353.1,XBTUSD KRKN Curncy
572,0,2018-04-24 15:53:40,TRADE,9353.1,XBTUSD KRKN Curncy
573,0,2018-04-24 15:58:44,BID,9356.2,XBTUSD KRKN Curncy
574,0,2018-04-24 15:58:44,ASK,9359.5,XBTUSD KRKN Curncy
575,0,2018-04-24 15:58:44,TRADE,9356.2,XBTUSD KRKN Curncy
576,0,2018-04-24 16:03:41,BID,9352.3,XBTUSD KRKN Curncy
577,0,2018-04-24 16:03:41,ASK,9354.4,XBTUSD KRKN Curncy
578,0,2018-04-24 16:03:41,TRADE,9350.3,XBTUSD KRKN Curncy
579,0,2018-04-24 16:08:31,BID,9359.6,XBTUSD KRKN Curncy
580,0,2018-04-24 16:08:31,ASK,9359.7,XBTUSD KRKN Curncy
581,0,2018-04-24 16:08:31,TRADE,9359.7,XBTUSD KRKN Curncy
582,0,2018-04-24 16:13:44,BID,9361.4,XBTUSD KRKN Curncy
583,0,2018-04-24 16:13:44,ASK,9366.5,XBTUSD KRKN Curncy
584,0,2018-04-24 16:13:44,TRADE,9361.1,XBTUSD KRKN Curncy
585,0,2018-04-24 16:18:32,BID,9364.0,XBTUSD KRKN Curncy
586,0,2018-04-24 16:18:32,ASK,9365.0,XBTUSD KRKN Curncy
587,0,2018-04-24 16:18:32,TRADE,9366.9,XBTUSD KRKN Curncy
588,0,2018-04-24 16:23:37,BID,9369.9,XBTUSD KRKN Curncy
589,0,2018-04-24 16:23:37,ASK,9377.0,XBTUSD KRKN Curncy
590,0,2018-04-24 16:23:37,TRADE,9369.9,XBTUSD KRKN Curncy
591,0,2018-04-24 16:28:49,BID,9350.1,XBTUSD KRKN Curncy
592,0,2018-04-24 16:28:49,ASK,9355.0,XBTUSD KRKN Curncy
593,0,2018-04-24 16:28:49,TRADE,9350.1,XBTUSD KRKN Curncy
594,0,2018-04-24 16:34:06,BID,9348.2,XBTUSD KRKN Curncy
595,0,2018-04-24 16:34:06,ASK,9348.3,XBTUSD KRKN Curncy
596,0,2018-04-24 16:34:06,TRADE,9348.2,XBTUSD KRKN Curncy
597,0,2018-04-24 16:39:11,BID,9340.0,XBTUSD KRKN Curncy
598,0,2018-04-24 16:39:11,ASK,9345.1,XBTUSD KRKN Curncy
599,0,2018-04-24 16:39:11,TRADE,9345.1,XBTUSD KRKN Curncy
600,0,2018-04-24 16:44:06,BID,9343.5,XBTUSD KRKN Curncy
601,0,2018-04-24 16:44:06,ASK,9348.9,XBTUSD KRKN Curncy
602,0,2018-04-24 16:44:06,TRADE,9347.4,XBTUSD KRKN Curncy
603,0,2018-04-24 16:49:11,BID,9343.3,XBTUSD KRKN Curncy
604,0,2018-04-24 16:49:11,ASK,9343.4,XBTUSD KRKN Curncy
605,0,2018-04-24 16:49:11,TRADE,9343.3,XBTUSD KRKN Curncy
606,0,2018-04-24 16:54:14,BID,9349.9,XBTUSD KRKN Curncy
607,0,2018-04-24 16:54:14,ASK,9350.0,XBTUSD KRKN Curncy
608,0,2018-04-24 16:54:14,TRADE,9349.9,XBTUSD KRKN Curncy
609,0,2018-04-24 16:59:17,BID,9356.4,XBTUSD KRKN Curncy
610,0,2018-04-24 16:59:17,ASK,9361.4,XBTUSD KRKN Curncy
611,0,2018-04-24 16:59:17,TRADE,9361.4,XBTUSD KRKN Curncy
612,0,2018-04-24 17:04:12,BID,9352.9,XBTUSD KRKN Curncy
613,0,2018-04-24 17:04:12,ASK,9360.0,XBTUSD KRKN Curncy
614,0,2018-04-24 17:04:12,TRADE,9352.9,XBTUSD KRKN Curncy
615,0,2018-04-24 17:09:27,BID,9353.0,XBTUSD KRKN Curncy
616,0,2018-04-24 17:09:27,ASK,9358.9,XBTUSD KRKN Curncy
617,0,2018-04-24 17:09:27,TRADE,9359.5,XBTUSD KRKN Curncy
618,0,2018-04-24 17:14:31,BID,9346.1,XBTUSD KRKN Curncy
619,0,2018-04-24 17:14:31,ASK,9349.4,XBTUSD KRKN Curncy
620,0,2018-04-24 17:14:31,TRADE,9345.4,XBTUSD KRKN Curncy
621,0,2018-04-24 17:19:25,BID,9360.1,XBTUSD KRKN Curncy
622,0,2018-04-24 17:19:25,ASK,9366.4,XBTUSD KRKN Curncy
623,0,2018-04-24 17:19:25,TRADE,9366.1,XBTUSD KRKN Curncy
624,0,2018-04-24 17:24:29,BID,9361.3,XBTUSD KRKN Curncy
625,0,2018-04-24 17:24:29,ASK,9366.2,XBTUSD KRKN Curncy
626,0,2018-04-24 17:24:29,TRADE,9367.0,XBTUSD KRKN Curncy
627,0,2018-04-24 17:29:22,BID,9383.9,XBTUSD KRKN Curncy
628,0,2018-04-24 17:29:22,ASK,9385.2,XBTUSD KRKN Curncy
629,0,2018-04-24 17:29:22,TRADE,9384.2,XBTUSD KRKN Curncy
630,0,2018-04-24 17:34:24,BID,9384.1,XBTUSD KRKN Curncy
631,0,2018-04-24 17:34:24,ASK,9384.5,XBTUSD KRKN Curncy
632,0,2018-04-24 17:34:24,TRADE,9384.6,XBTUSD KRKN Curncy
633,0,2018-04-24 17:39:12,BID,9382.8,XBTUSD KRKN Curncy
634,0,2018-04-24 17:39:12,ASK,9384.7,XBTUSD KRKN Curncy
635,0,2018-04-24 17:39:12,TRADE,9384.9,XBTUSD KRKN Curncy
636,0,2018-04-24 17:44:25,BID,9393.3,XBTUSD KRKN Curncy
637,0,2018-04-24 17:44:25,ASK,9394.0,XBTUSD KRKN Curncy
638,0,2018-04-24 17:44:25,TRADE,9394.0,XBTUSD KRKN Curncy
639,0,2018-04-24 17:49:24,BID,9393.8,XBTUSD KRKN Curncy
640,0,2018-04-24 17:49:24,ASK,9394.0,XBTUSD KRKN Curncy
641,0,2018-04-24 17:49:24,TRADE,9394.0,XBTUSD KRKN Curncy
642,0,2018-04-24 17:54:23,BID,9405.3,XBTUSD KRKN Curncy
643,0,2018-04-24 17:54:23,ASK,9414.0,XBTUSD KRKN Curncy
644,0,2018-04-24 17:54:23,TRADE,9414.0,XBTUSD KRKN Curncy
645,0,2018-04-24 17:59:21,BID,9418.2,XBTUSD KRKN Curncy
646,0,2018-04-24 17:59:21,ASK,9422.8,XBTUSD KRKN Curncy
647,0,2018-04-24 17:59:21,TRADE,9422.8,XBTUSD KRKN Curncy
648,0,2018-04-24 18:04:11,BID,9386.5,XBTUSD KRKN Curncy
649,0,2018-04-24 18:04:11,ASK,9387.5,XBTUSD KRKN Curncy
650,0,2018-04-24 18:04:11,TRADE,9393.1,XBTUSD KRKN Curncy
651,0,2018-04-24 18:09:19,BID,9379.9,XBTUSD KRKN Curncy
652,0,2018-04-24 18:09:19,ASK,9380.0,XBTUSD KRKN Curncy
653,0,2018-04-24 18:09:19,TRADE,9379.9,XBTUSD KRKN Curncy
654,0,2018-04-24 18:14:18,BID,9393.0,XBTUSD KRKN Curncy
655,0,2018-04-24 18:14:18,ASK,9393.1,XBTUSD KRKN Curncy
656,0,2018-04-24 18:14:18,TRADE,9393.3,XBTUSD KRKN Curncy
657,0,2018-04-24 18:19:31,BID,9374.4,XBTUSD KRKN Curncy
658,0,2018-04-24 18:19:31,ASK,9379.8,XBTUSD KRKN Curncy
659,0,2018-04-24 18:19:31,TRADE,9374.0,XBTUSD KRKN Curncy
660,0,2018-04-24 18:24:28,BID,9388.0,XBTUSD KRKN Curncy
661,0,2018-04-24 18:24:28,ASK,9391.2,XBTUSD KRKN Curncy
662,0,2018-04-24 18:24:28,TRADE,9388.4,XBTUSD KRKN Curncy
663,0,2018-04-24 18:29:27,BID,9388.0,XBTUSD KRKN Curncy
664,0,2018-04-24 18:29:27,ASK,9388.6,XBTUSD KRKN Curncy
665,0,2018-04-24 18:29:27,TRADE,9388.9,XBTUSD KRKN Curncy
666,0,2018-04-24 18:35:38,BID,9386.1,XBTUSD KRKN Curncy
667,0,2018-04-24 18:35:38,ASK,9387.8,XBTUSD KRKN Curncy
668,0,2018-04-24 18:35:38,TRADE,9386.2,XBTUSD KRKN Curncy
669,0,2018-04-24 18:39:30,BID,9382.4,XBTUSD KRKN Curncy
670,0,2018-04-24 18:39:30,ASK,9385.0,XBTUSD KRKN Curncy
671,0,2018-04-24 18:39:30,TRADE,9382.4,XBTUSD KRKN Curncy
672,0,2018-04-24 18:44:43,BID,9386.4,XBTUSD KRKN Curncy
673,0,2018-04-24 18:44:43,ASK,9388.8,XBTUSD KRKN Curncy
674,0,2018-04-24 18:44:43,TRADE,9386.4,XBTUSD KRKN Curncy
675,0,2018-04-24 18:49:32,BID,9385.1,XBTUSD KRKN Curncy
676,0,2018-04-24 18:49:32,ASK,9385.7,XBTUSD KRKN Curncy
677,0,2018-04-24 18:49:32,TRADE,9386.0,XBTUSD KRKN Curncy
678,0,2018-04-24 18:54:24,BID,9385.3,XBTUSD KRKN Curncy
679,0,2018-04-24 18:54:24,ASK,9386.4,XBTUSD KRKN Curncy
680,0,2018-04-24 18:54:24,TRADE,9385.3,XBTUSD KRKN Curncy
681,0,2018-04-24 18:59:37,BID,9397.2,XBTUSD KRKN Curncy
682,0,2018-04-24 18:59:37,ASK,9399.2,XBTUSD KRKN Curncy
683,0,2018-04-24 18:59:37,TRADE,9394.9,XBTUSD KRKN Curncy
684,0,2018-04-24 19:04:20,BID,9399.9,XBTUSD KRKN Curncy
685,0,2018-04-24 19:04:20,ASK,9404.8,XBTUSD KRKN Curncy
686,0,2018-04-24 19:04:20,TRADE,9400.0,XBTUSD KRKN Curncy
687,0,2018-04-24 19:09:29,BID,9390.1,XBTUSD KRKN Curncy
688,0,2018-04-24 19:09:29,ASK,9392.8,XBTUSD KRKN Curncy
689,0,2018-04-24 19:09:29,TRADE,9394.9,XBTUSD KRKN Curncy
690,0,2018-04-24 19:14:38,BID,9397.6,XBTUSD KRKN Curncy
691,0,2018-04-24 19:14:38,ASK,9400.0,XBTUSD KRKN Curncy
692,0,2018-04-24 19:14:38,TRADE,9398.0,XBTUSD KRKN Curncy
693,0,2018-04-24 19:19:03,BID,9342.3,XBTUSD KRKN Curncy
694,0,2018-04-24 19:19:03,ASK,9352.7,XBTUSD KRKN Curncy
695,0,2018-04-24 19:19:03,TRADE,9354.9,XBTUSD KRKN Curncy
696,0,2018-04-24 19:24:00,BID,9367.0,XBTUSD KRKN Curncy
697,0,2018-04-24 19:24:00,ASK,9371.8,XBTUSD KRKN Curncy
698,0,2018-04-24 19:24:00,TRADE,9372.0,XBTUSD KRKN Curncy
699,0,2018-04-24 19:28:58,BID,9375.3,XBTUSD KRKN Curncy
700,0,2018-04-24 19:28:58,ASK,9379.8,XBTUSD KRKN Curncy
701,0,2018-04-24 19:28:58,TRADE,9379.7,XBTUSD KRKN Curncy
702,0,2018-04-24 19:34:04,BID,9387.1,XBTUSD KRKN Curncy
703,0,2018-04-24 19:34:04,ASK,9390.5,XBTUSD KRKN Curncy
704,0,2018-04-24 19:34:04,TRADE,9387.1,XBTUSD KRKN Curncy
705,0,2018-04-24 19:39:06,BID,9450.0,XBTUSD KRKN Curncy
706,0,2018-04-24 19:39:06,ASK,9451.4,XBTUSD KRKN Curncy
707,0,2018-04-24 19:39:06,TRADE,9450.0,XBTUSD KRKN Curncy
708,0,2018-04-24 19:44:18,BID,9437.9,XBTUSD KRKN Curncy
709,0,2018-04-24 19:44:18,ASK,9444.8,XBTUSD KRKN Curncy
710,0,2018-04-24 19:44:18,TRADE,9437.9,XBTUSD KRKN Curncy
711,0,2018-04-24 19:49:05,BID,9438.7,XBTUSD KRKN Curncy
712,0,2018-04-24 19:49:05,ASK,9443.9,XBTUSD KRKN Curncy
713,0,2018-04-24 19:49:05,TRADE,9438.0,XBTUSD KRKN Curncy
714,0,2018-04-24 19:53:51,BID,9455.7,XBTUSD KRKN Curncy
715,0,2018-04-24 19:53:51,ASK,9459.0,XBTUSD KRKN Curncy
716,0,2018-04-24 19:53:51,TRADE,9458.9,XBTUSD KRKN Curncy
717,0,2018-04-24 19:58:55,BID,9457.0,XBTUSD KRKN Curncy
718,0,2018-04-24 19:58:55,ASK,9457.8,XBTUSD KRKN Curncy
719,0,2018-04-24 19:58:55,TRADE,9456.9,XBTUSD KRKN Curncy
720,0,2018-04-24 20:04:00,BID,9460.8,XBTUSD KRKN Curncy
721,0,2018-04-24 20:04:00,ASK,9462.0,XBTUSD KRKN Curncy
722,0,2018-04-24 20:04:00,TRADE,9462.0,XBTUSD KRKN Curncy
723,0,2018-04-24 20:09:01,BID,9431.8,XBTUSD KRKN Curncy
724,0,2018-04-24 20:09:01,ASK,9438.8,XBTUSD KRKN Curncy
725,0,2018-04-24 20:09:01,TRADE,9438.8,XBTUSD KRKN Curncy
726,0,2018-04-24 20:14:06,BID,9445.2,XBTUSD KRKN Curncy
727,0,2018-04-24 20:14:06,ASK,9445.6,XBTUSD KRKN Curncy
728,0,2018-04-24 20:14:06,TRADE,9445.6,XBTUSD KRKN Curncy
729,0,2018-04-24 20:19:23,BID,9444.0,XBTUSD KRKN Curncy
730,0,2018-04-24 20:19:23,ASK,9447.8,XBTUSD KRKN Curncy
731,0,2018-04-24 20:19:23,TRADE,9444.0,XBTUSD KRKN Curncy
732,0,2018-04-24 20:24:30,BID,9426.0,XBTUSD KRKN Curncy
733,0,2018-04-24 20:24:30,ASK,9426.3,XBTUSD KRKN Curncy
734,0,2018-04-24 20:24:30,TRADE,9426.0,XBTUSD KRKN Curncy
735,0,2018-04-24 20:29:18,BID,9435.2,XBTUSD KRKN Curncy
736,0,2018-04-24 20:29:18,ASK,9435.7,XBTUSD KRKN Curncy
737,0,2018-04-24 20:29:18,TRADE,9435.2,XBTUSD KRKN Curncy
738,0,2018-04-24 20:34:15,BID,9426.4,XBTUSD KRKN Curncy
739,0,2018-04-24 20:34:15,ASK,9426.5,XBTUSD KRKN Curncy
740,0,2018-04-24 20:34:15,TRADE,9426.0,XBTUSD KRKN Curncy
741,0,2018-04-24 20:39:23,BID,9417.2,XBTUSD KRKN Curncy
742,0,2018-04-24 20:39:23,ASK,9422.0,XBTUSD KRKN Curncy
743,0,2018-04-24 20:39:23,TRADE,9417.9,XBTUSD KRKN Curncy
744,0,2018-04-24 20:44:39,BID,9436.3,XBTUSD KRKN Curncy
745,0,2018-04-24 20:44:39,ASK,9442.2,XBTUSD KRKN Curncy
746,0,2018-04-24 20:44:39,TRADE,9440.8,XBTUSD KRKN Curncy
747,0,2018-04-24 20:49:24,BID,9438.0,XBTUSD KRKN Curncy
748,0,2018-04-24 20:49:24,ASK,9449.2,XBTUSD KRKN Curncy
749,0,2018-04-24 20:49:24,TRADE,9449.2,XBTUSD KRKN Curncy
750,0,2018-04-24 20:54:16,BID,9446.1,XBTUSD KRKN Curncy
751,0,2018-04-24 20:54:16,ASK,9456.9,XBTUSD KRKN Curncy
752,0,2018-04-24 20:54:16,TRADE,9446.1,XBTUSD KRKN Curncy
753,0,2018-04-24 20:59:13,BID,9447.3,XBTUSD KRKN Curncy
754,0,2018-04-24 20:59:13,ASK,9456.9,XBTUSD KRKN Curncy
755,0,2018-04-24 20:59:13,TRADE,9447.2,XBTUSD KRKN Curncy
756,0,2018-04-24 21:04:17,BID,9460.0,XBTUSD KRKN Curncy
757,0,2018-04-24 21:04:17,ASK,9464.9,XBTUSD KRKN Curncy
758,0,2018-04-24 21:04:17,TRADE,9464.9,XBTUSD KRKN Curncy
759,0,2018-04-24 21:09:09,BID,9471.3,XBTUSD KRKN Curncy
760,0,2018-04-24 21:09:09,ASK,9472.0,XBTUSD KRKN Curncy
761,0,2018-04-24 21:09:09,TRADE,9472.0,XBTUSD KRKN Curncy
762,0,2018-04-24 21:13:59,BID,9495.2,XBTUSD KRKN Curncy
763,0,2018-04-24 21:13:59,ASK,9498.9,XBTUSD KRKN Curncy
764,0,2018-04-24 21:13:59,TRADE,9495.2,XBTUSD KRKN Curncy
765,0,2018-04-24 21:19:04,BID,9480.1,XBTUSD KRKN Curncy
766,0,2018-04-24 21:19:04,ASK,9480.3,XBTUSD KRKN Curncy
767,0,2018-04-24 21:19:04,TRADE,9480.3,XBTUSD KRKN Curncy
768,0,2018-04-24 21:24:33,BID,9480.4,XBTUSD KRKN Curncy
769,0,2018-04-24 21:24:33,ASK,9485.0,XBTUSD KRKN Curncy
770,0,2018-04-24 21:24:33,TRADE,9485.0,XBTUSD KRKN Curncy
771,0,2018-04-24 21:29:02,BID,9467.3,XBTUSD KRKN Curncy
772,0,2018-04-24 21:29:02,ASK,9467.5,XBTUSD KRKN Curncy
773,0,2018-04-24 21:29:02,TRADE,9467.2,XBTUSD KRKN Curncy
774,0,2018-04-24 21:33:58,BID,9464.7,XBTUSD KRKN Curncy
775,0,2018-04-24 21:33:58,ASK,9464.9,XBTUSD KRKN Curncy
776,0,2018-04-24 21:33:58,TRADE,9458.1,XBTUSD KRKN Curncy
777,0,2018-04-24 21:38:48,BID,9488.7,XBTUSD KRKN Curncy
778,0,2018-04-24 21:38:48,ASK,9490.3,XBTUSD KRKN Curncy
779,0,2018-04-24 21:38:48,TRADE,9488.7,XBTUSD KRKN Curncy
780,0,2018-04-24 21:44:04,BID,9479.2,XBTUSD KRKN Curncy
781,0,2018-04-24 21:44:04,ASK,9480.0,XBTUSD KRKN Curncy
782,0,2018-04-24 21:44:04,TRADE,9479.2,XBTUSD KRKN Curncy
783,0,2018-04-24 21:49:12,BID,9483.3,XBTUSD KRKN Curncy
784,0,2018-04-24 21:49:12,ASK,9489.5,XBTUSD KRKN Curncy
785,0,2018-04-24 21:49:12,TRADE,9483.0,XBTUSD KRKN Curncy
786,0,2018-04-24 21:54:00,BID,9439.1,XBTUSD KRKN Curncy
787,0,2018-04-24 21:54:00,ASK,9440.0,XBTUSD KRKN Curncy
788,0,2018-04-24 21:54:00,TRADE,9439.1,XBTUSD KRKN Curncy
789,0,2018-04-24 21:59:04,BID,9461.2,XBTUSD KRKN Curncy
790,0,2018-04-24 21:59:04,ASK,9469.8,XBTUSD KRKN Curncy
791,0,2018-04-24 21:59:04,TRADE,9461.2,XBTUSD KRKN Curncy
792,0,2018-04-24 22:04:06,BID,9459.9,XBTUSD KRKN Curncy
793,0,2018-04-24 22:04:06,ASK,9460.9,XBTUSD KRKN Curncy
794,0,2018-04-24 22:04:06,TRADE,9460.0,XBTUSD KRKN Curncy
795,0,2018-04-24 22:08:59,BID,9465.3,XBTUSD KRKN Curncy
796,0,2018-04-24 22:08:59,ASK,9467.9,XBTUSD KRKN Curncy
797,0,2018-04-24 22:08:59,TRADE,9467.9,XBTUSD KRKN Curncy
798,0,2018-04-24 22:14:12,BID,9479.1,XBTUSD KRKN Curncy
799,0,2018-04-24 22:14:12,ASK,9479.8,XBTUSD KRKN Curncy
800,0,2018-04-24 22:14:12,TRADE,9477.0,XBTUSD KRKN Curncy
801,0,2018-04-24 22:19:08,BID,9492.2,XBTUSD KRKN Curncy
802,0,2018-04-24 22:19:08,ASK,9493.0,XBTUSD KRKN Curncy
803,0,2018-04-24 22:19:08,TRADE,9492.2,XBTUSD KRKN Curncy
804,0,2018-04-24 22:24:22,BID,9535.1,XBTUSD KRKN Curncy
805,0,2018-04-24 22:24:22,ASK,9537.0,XBTUSD KRKN Curncy
806,0,2018-04-24 22:24:22,TRADE,9537.0,XBTUSD KRKN Curncy
807,0,2018-04-24 22:29:31,BID,9530.3,XBTUSD KRKN Curncy
808,0,2018-04-24 22:29:31,ASK,9543.7,XBTUSD KRKN Curncy
809,0,2018-04-24 22:29:31,TRADE,9530.2,XBTUSD KRKN Curncy
810,0,2018-04-24 22:34:27,BID,9563.4,XBTUSD KRKN Curncy
811,0,2018-04-24 22:34:27,ASK,9569.0,XBTUSD KRKN Curncy
812,0,2018-04-24 22:34:27,TRADE,9568.5,XBTUSD KRKN Curncy
813,0,2018-04-24 22:39:31,BID,9575.0,XBTUSD KRKN Curncy
814,0,2018-04-24 22:39:31,ASK,9576.0,XBTUSD KRKN Curncy
815,0,2018-04-24 22:39:31,TRADE,9576.0,XBTUSD KRKN Curncy
816,0,2018-04-24 22:44:41,BID,9461.1,XBTUSD KRKN Curncy
817,0,2018-04-24 22:44:41,ASK,9466.8,XBTUSD KRKN Curncy
818,0,2018-04-24 22:44:41,TRADE,9461.1,XBTUSD KRKN Curncy
819,0,2018-04-24 22:49:36,BID,9582.8,XBTUSD KRKN Curncy
820,0,2018-04-24 22:49:36,ASK,9582.9,XBTUSD KRKN Curncy
821,0,2018-04-24 22:49:36,TRADE,9581.5,XBTUSD KRKN Curncy
822,0,2018-04-24 22:54:22,BID,9573.3,XBTUSD KRKN Curncy
823,0,2018-04-24 22:54:22,ASK,9573.4,XBTUSD KRKN Curncy
824,0,2018-04-24 22:54:22,TRADE,9576.8,XBTUSD KRKN Curncy
825,0,2018-04-24 22:59:12,BID,9576.0,XBTUSD KRKN Curncy
826,0,2018-04-24 22:59:12,ASK,9579.0,XBTUSD KRKN Curncy
827,0,2018-04-24 22:59:12,TRADE,9575.1,XBTUSD KRKN Curncy
828,0,2018-04-24 23:03:56,BID,9540.6,XBTUSD KRKN Curncy
829,0,2018-04-24 23:03:56,ASK,9544.6,XBTUSD KRKN Curncy
830,0,2018-04-24 23:03:56,TRADE,9532.7,XBTUSD KRKN Curncy
831,0,2018-04-24 23:08:55,BID,9545.9,XBTUSD KRKN Curncy
832,0,2018-04-24 23:08:55,ASK,9546.6,XBTUSD KRKN Curncy
833,0,2018-04-24 23:08:55,TRADE,9546.7,XBTUSD KRKN Curncy
834,0,2018-04-24 23:14:34,BID,9552.9,XBTUSD KRKN Curncy
835,0,2018-04-24 23:14:34,ASK,9555.0,XBTUSD KRKN Curncy
836,0,2018-04-24 23:14:34,TRADE,9547.6,XBTUSD KRKN Curncy
837,0,2018-04-24 23:19:26,BID,9561.7,XBTUSD KRKN Curncy
838,0,2018-04-24 23:19:26,ASK,9564.2,XBTUSD KRKN Curncy
839,0,2018-04-24 23:19:26,TRADE,9560.0,XBTUSD KRKN Curncy
840,0,2018-04-24 23:24:30,BID,9588.2,XBTUSD KRKN Curncy
841,0,2018-04-24 23:24:30,ASK,9588.3,XBTUSD KRKN Curncy
842,0,2018-04-24 23:24:30,TRADE,9588.3,XBTUSD KRKN Curncy
843,0,2018-04-24 23:29:13,BID,9630.8,XBTUSD KRKN Curncy
844,0,2018-04-24 23:29:13,ASK,9631.7,XBTUSD KRKN Curncy
845,0,2018-04-24 23:29:13,TRADE,9630.7,XBTUSD KRKN Curncy
846,0,2018-04-24 23:33:58,BID,9649.4,XBTUSD KRKN Curncy
847,0,2018-04-24 23:33:58,ASK,9649.5,XBTUSD KRKN Curncy
848,0,2018-04-24 23:33:58,TRADE,9649.5,XBTUSD KRKN Curncy
849,0,2018-04-24 23:39:07,BID,9661.7,XBTUSD KRKN Curncy
850,0,2018-04-24 23:39:07,ASK,9662.2,XBTUSD KRKN Curncy
851,0,2018-04-24 23:39:07,TRADE,9662.3,XBTUSD KRKN Curncy
852,0,2018-04-24 23:44:15,BID,9692.9,XBTUSD KRKN Curncy
853,0,2018-04-24 23:44:15,ASK,9693.0,XBTUSD KRKN Curncy
854,0,2018-04-24 23:44:15,TRADE,9692.9,XBTUSD KRKN Curncy
855,0,2018-04-24 23:49:23,BID,9675.3,XBTUSD KRKN Curncy
856,0,2018-04-24 23:49:23,ASK,9681.1,XBTUSD KRKN Curncy
857,0,2018-04-24 23:49:23,TRADE,9681.1,XBTUSD KRKN Curncy
858,0,2018-04-24 23:54:04,BID,9735.0,XBTUSD KRKN Curncy
859,0,2018-04-24 23:54:04,ASK,9736.9,XBTUSD KRKN Curncy
860,0,2018-04-24 23:54:04,TRADE,9735.0,XBTUSD KRKN Curncy
861,0,2018-04-24 23:59:03,BID,9672.0,XBTUSD KRKN Curncy
862,0,2018-04-24 23:59:03,ASK,9673.9,XBTUSD KRKN Curncy
863,0,2018-04-24 23:59:03,TRADE,9672.0,XBTUSD KRKN Curncy
